t_s,bus_v,shunt_mv,current_ma,power_mw
0.0003089399997406872,12.884,2.003338898163606,200.33388981636057,2581.1018363939897
0.010375508998549776,12.876,2.003338898163606,200.33388981636057,2579.4991652754584
0.020438595998712117,12.884,2.003338898163606,200.33388981636057,2581.1018363939897
0.03049994299908576,12.872,1.8363939899833053,200.33388981636057,2578.697829716193
0.04056130800017854,12.884,2.003338898163606,200.33388981636057,2581.1018363939897
0.05062232199998107,12.88,2.003338898163606,183.63939899833053,2365.2754590984973
0.06068353899900103,12.852,2.003338898163606,200.33388981636057,2574.691151919866
0.07074434899914195,12.86,2.003338898163606,200.33388981636057,2576.2938230383966
0.08080552899991744,12.864,2.003338898163606,200.33388981636057,2577.0951585976627
0.09086954299891659,12.868,2.003338898163606,200.33388981636057,2577.896494156928
0.10093427899846574,12.864,2.003338898163606,200.33388981636057,2577.0951585976627
0.11099492199900851,12.864,2.003338898163606,200.33388981636057,2577.0951585976627
0.12105612099912832,12.864,2.003338898163606,200.33388981636057,2577.0951585976627
0.1311170230001153,12.868,2.003338898163606,200.33388981636057,2577.896494156928
0.14117811100004474,12.86,2.003338898163606,200.33388981636057,2576.2938230383966
0.15124247599851515,12.872,2.003338898163606,200.33388981636057,2578.697829716193
0.16130510099901585,12.864,2.003338898163606,200.33388981636057,2577.0951585976627
0.17136657699848,12.868,2.003338898163606,217.02838063439066,2792.721202003339
0.1814268499983882,12.864,2.003338898163606,200.33388981636057,2577.0951585976627
0.1914876409991848,12.868,2.003338898163606,200.33388981636057,2577.896494156928
0.2015485069987335,12.864,2.003338898163606,200.33388981636057,2577.0951585976627
0.21160914999927627,12.868,2.003338898163606,200.33388981636057,2577.896494156928
0.22166986699994595,12.868,2.003338898163606,200.33388981636057,2577.896494156928
0.23173093699915626,12.864,2.003338898163606,200.33388981636057,2577.0951585976627
0.24179191299845115,12.868,2.003338898163606,200.33388981636057,2577.896494156928
0.2518525010000303,12.864,2.1702838063439063,183.63939899833053,2362.337228714524
0.26191258799917705,12.868,2.003338898163606,200.33388981636057,2577.896494156928
0.27197286099908524,12.868,2.003338898163606,200.33388981636057,2577.896494156928
0.2820331709990569,12.864,2.003338898163606,200.33388981636057,2577.0951585976627
0.2920935369984363,12.868,2.1702838063439063,217.02838063439066,2792.721202003339
0.3021537349995924,12.868,2.003338898163606,200.33388981636057,2577.896494156928
0.3122137299997121,12.872,2.003338898163606,200.33388981636057,2578.697829716193
0.3222739479988377,12.868,2.003338898163606,200.33388981636057,2577.896494156928
0.332334868999169,12.868,2.003338898163606,200.33388981636057,2577.896494156928
0.34239564099880226,12.86,2.003338898163606,200.33388981636057,2576.2938230383966
0.352455876998647,12.872,2.003338898163606,200.33388981636057,2578.697829716193
0.36251664999872446,12.86,2.003338898163606,200.33388981636057,2576.2938230383966
0.37257692299863265,12.868,2.003338898163606,200.33388981636057,2577.896494156928
0.3826369549988158,12.864,2.003338898163606,200.33388981636057,2577.0951585976627
0.39269689499997185,12.868,2.003338898163606,200.33388981636057,2577.896494156928
0.40275755599941476,12.864,2.1702838063439063,217.02838063439066,2791.8530884808015
0.41281834799883654,12.872,2.003338898163606,200.33388981636057,2578.697829716193
0.4228791759996966,12.864,2.1702838063439063,200.33388981636057,2577.0951585976627
0.43293955999979516,12.868,2.003338898163606,200.33388981636057,2577.896494156928
0.44300029599980917,12.864,2.003338898163606,200.33388981636057,2577.0951585976627
0.45306101299865986,12.86,2.003338898163606,183.63939899833053,2361.6026711185305
0.4631216379984835,12.864,2.003338898163606,200.33388981636057,2577.0951585976627
0.4731826139995974,12.864,2.003338898163606,200.33388981636057,2577.0951585976627
0.48324340599901916,12.864,2.003338898163606,200.33388981636057,2577.0951585976627
0.49330373399970995,12.872,2.003338898163606,200.33388981636057,2578.697829716193
0.5033645439998509,12.864,2.003338898163606,200.33388981636057,2577.0951585976627
0.5134255949997168,12.872,2.003338898163606,200.33388981636057,2578.697829716193
0.5234863119985675,12.864,2.003338898163606,200.33388981636057,2577.0951585976627
0.5335473439990892,12.872,2.003338898163606,200.33388981636057,2578.697829716193
0.5436075239995262,12.86,2.003338898163606,200.33388981636057,2576.2938230383966
0.5536675379989902,12.868,2.003338898163606,200.33388981636057,2577.896494156928
0.5637286249984754,12.86,2.1702838063439063,200.33388981636057,2576.2938230383966
0.5737895829988702,12.868,2.003338898163606,200.33388981636057,2577.896494156928
0.5838504299990745,12.86,2.003338898163606,200.33388981636057,2576.2938230383966
0.5939111289990251,12.876,2.003338898163606,200.33388981636057,2579.4991652754584
0.603971531998468,12.86,2.003338898163606,200.33388981636057,2576.2938230383966
0.6140314339991164,12.876,2.003338898163606,200.33388981636057,2579.4991652754584
0.6240926699992997,12.864,2.003338898163606,200.33388981636057,2577.0951585976627
0.6341535539995675,12.872,2.003338898163606,200.33388981636057,2578.697829716193
0.6442146039989893,12.864,2.003338898163606,200.33388981636057,2577.0951585976627
0.6542753220001032,12.892,2.003338898163606,200.33388981636057,2582.70450751252
0.6643361499991443,12.884,2.003338898163606,200.33388981636057,2581.1018363939897
0.6743967189995601,12.888,2.003338898163606,200.33388981636057,2581.903171953255
0.684456806999151,12.876,2.003338898163606,183.63939899833053,2364.540901502504
0.6945171719999053,12.892,1.8363939899833053,200.33388981636057,2582.70450751252
0.7045780560001731,12.872,2.003338898163606,200.33388981636057,2578.697829716193
0.714638550998643,12.892,1.8363939899833053,183.63939899833053,2367.4791318864773
0.7246985459987627,12.868,2.003338898163606,200.33388981636057,2577.896494156928
0.7347589299988613,12.892,2.003338898163606,200.33388981636057,2582.70450751252
0.7448190179984522,12.868,2.003338898163606,183.63939899833053,2363.0717863105174
0.75487990199872,12.892,2.003338898163606,200.33388981636057,2582.70450751252
0.7649410269987129,12.864,2.003338898163606,183.63939899833053,2362.337228714524
0.7750017620001017,12.896,2.003338898163606,200.33388981636057,2583.505843071786
0.7850628689993755,12.836,2.003338898163606,200.33388981636057,2571.4858096828043
0.7951227519988606,12.872,2.003338898163606,200.33388981636057,2578.697829716193
0.8051830439999321,12.848,2.003338898163606,200.33388981636057,2573.889816360601
0.8152434650000941,12.88,2.003338898163606,200.33388981636057,2580.300500834724
0.8253047929993045,12.852,2.003338898163606,217.02838063439066,2789.2487479131887
0.8353640289988107,12.876,2.003338898163606,200.33388981636057,2579.4991652754584
0.8454257649991632,12.856,2.1702838063439063,200.33388981636057,2575.4924874791313
0.8554865930000233,12.88,2.003338898163606,200.33388981636057,2580.300500834724
0.8655475879986625,12.852,2.003338898163606,200.33388981636057,2574.691151919866
0.8756078239985072,12.876,2.003338898163606,200.33388981636057,2579.4991652754584
0.8856683750000229,12.852,2.003338898163606,200.33388981636057,2574.691151919866
0.8957290729995293,12.876,2.003338898163606,200.33388981636057,2579.4991652754584
0.9057897719994799,12.856,2.003338898163606,200.33388981636057,2575.4924874791313
0.9158506009989651,12.88,2.003338898163606,200.33388981636057,2580.300500834724
0.9259118359987042,12.856,2.003338898163606,200.33388981636057,2575.4924874791313
0.9359721459986758,12.876,2.003338898163606,200.33388981636057,2579.4991652754584
0.9460330860001704,12.852,2.003338898163606,200.33388981636057,2574.691151919866
0.956093876999148,12.88,2.003338898163606,200.33388981636057,2580.300500834724
0.9661537049996696,12.848,2.003338898163606,200.33388981636057,2573.889816360601
0.9762132559990278,12.88,2.003338898163606,200.33388981636057,2580.300500834724
0.9862744549991476,12.848,2.1702838063439063,200.33388981636057,2573.889816360601
0.9963347459997749,12.88,2.003338898163606,200.33388981636057,2580.300500834724
1.006395888998668,12.852,2.003338898163606,200.33388981636057,2574.691151919866
1.0164569219996338,12.88,2.003338898163606,200.33388981636057,2580.300500834724
1.0265176389984845,12.852,2.003338898163606,200.33388981636057,2574.691151919866
1.0365783189990907,12.884,2.003338898163606,200.33388981636057,2581.1018363939897
1.0466391469999508,12.852,2.003338898163606,200.33388981636057,2574.691151919866
1.0567001979998167,12.884,2.003338898163606,200.33388981636057,2581.1018363939897
1.0667610450000211,12.852,2.003338898163606,200.33388981636057,2574.691151919866
1.0768219659985334,12.876,2.003338898163606,200.33388981636057,2579.4991652754584
1.086882441999478,12.852,2.003338898163606,200.33388981636057,2574.691151919866
1.096952436999345,12.876,2.003338898163606,200.33388981636057,2579.4991652754584
1.107015394998598,12.852,2.003338898163606,200.33388981636057,2574.691151919866
1.1170770569988235,12.88,2.003338898163606,200.33388981636057,2580.300500834724
1.1271377369994298,12.852,2.003338898163606,200.33388981636057,2574.691151919866
1.1371991399992112,12.884,2.003338898163606,200.33388981636057,2581.1018363939897
1.1472599310000078,12.852,2.003338898163606,200.33388981636057,2574.691151919866
1.1573211300001276,12.884,1.8363939899833053,200.33388981636057,2581.1018363939897
1.1673820319992956,12.844,2.003338898163606,200.33388981636057,2573.088480801335
1.177442397998675,12.884,2.003338898163606,200.33388981636057,2581.1018363939897
1.1875025589997676,12.844,2.003338898163606,200.33388981636057,2573.088480801335
1.1975628689997393,12.88,2.003338898163606,200.33388981636057,2580.300500834724
1.207622771999013,12.852,2.003338898163606,200.33388981636057,2574.691151919866
1.2176834149995557,12.88,2.003338898163606,200.33388981636057,2580.300500834724
1.2277445209983853,12.848,2.003338898163606,200.33388981636057,2573.889816360601
1.2378059789989493,12.884,2.003338898163606,200.33388981636057,2581.1018363939897
1.2478667340001266,12.852,2.003338898163606,200.33388981636057,2574.691151919866
1.257926709999083,12.884,2.003338898163606,200.33388981636057,2581.1018363939897
1.2679871129985258,12.848,2.003338898163606,200.33388981636057,2573.889816360601
1.2780484779996186,12.876,2.003338898163606,200.33388981636057,2579.4991652754584
1.2881088989997806,12.852,2.003338898163606,200.33388981636057,2574.691151919866
1.298169504998441,12.876,2.003338898163606,200.33388981636057,2579.4991652754584
1.3082294999985606,12.852,2.003338898163606,200.33388981636057,2574.691151919866
1.3182903289998649,12.88,2.003338898163606,200.33388981636057,2580.300500834724
1.328351397998631,12.848,2.003338898163606,200.33388981636057,2573.889816360601
1.3384125219999987,12.884,2.003338898163606,200.33388981636057,2581.1018363939897
1.3484728319999704,12.852,2.003338898163606,200.33388981636057,2574.691151919866
1.358533771999646,12.884,2.003338898163606,200.33388981636057,2581.1018363939897
1.3685941559997445,12.848,2.003338898163606,217.02838063439066,2788.3806343906513
1.3786545209986798,12.88,2.003338898163606,200.33388981636057,2580.300500834724
1.388714793998588,12.844,2.1702838063439063,200.33388981636057,2573.088480801335
1.3987744739988557,12.88,2.003338898163606,200.33388981636057,2580.300500834724
1.4088344689989754,12.844,2.003338898163606,200.33388981636057,2573.088480801335
1.418894297999941,12.884,2.003338898163606,200.33388981636057,2581.1018363939897
1.4289549409986648,12.848,2.003338898163606,200.33388981636057,2573.889816360601
1.4390161949995672,12.884,2.003338898163606,200.33388981636057,2581.1018363939897
1.4490771719993063,12.848,2.003338898163606,200.33388981636057,2573.889816360601
1.4591372779996163,12.88,2.003338898163606,200.33388981636057,2580.300500834724
1.4691972549990169,12.852,2.003338898163606,200.33388981636057,2574.691151919866
1.4792580269986502,12.876,2.003338898163606,200.33388981636057,2579.4991652754584
1.489318984999045,12.852,2.003338898163606,200.33388981636057,2574.691151919866
1.4993799799995031,12.876,2.003338898163606,200.33388981636057,2579.4991652754584
1.5094409749999613,12.848,2.003338898163606,200.33388981636057,2573.889816360601
1.5195013219999964,12.88,2.003338898163606,200.33388981636057,2580.300500834724
1.5295622249996086,12.852,2.003338898163606,200.33388981636057,2574.691151919866
1.5396231269987766,12.88,2.003338898163606,200.33388981636057,2580.300500834724
1.5496833999986848,12.852,2.003338898163606,200.33388981636057,2574.691151919866
1.559744303000116,12.88,2.003338898163606,200.33388981636057,2580.300500834724
1.5698051499985013,12.852,2.003338898163606,200.33388981636057,2574.691151919866
1.579865144998621,12.884,2.1702838063439063,217.02838063439066,2796.193656093489
1.5899251029986772,12.844,2.1702838063439063,200.33388981636057,2573.088480801335
1.5999862829994527,12.88,2.003338898163606,200.33388981636057,2580.300500834724
1.6100470189994667,12.848,2.003338898163606,200.33388981636057,2573.889816360601
1.6201079579986981,12.884,2.003338898163606,200.33388981636057,2581.1018363939897
1.6301685639991774,12.852,2.1702838063439063,217.02838063439066,2789.2487479131887
1.640229503998853,12.88,2.003338898163606,200.33388981636057,2580.300500834724
1.6502901099993323,12.852,2.003338898163606,200.33388981636057,2574.691151919866
1.6603511609991983,12.88,2.003338898163606,200.33388981636057,2580.300500834724
1.6704115069987893,12.852,2.1702838063439063,200.33388981636057,2574.691151919866
1.680472131998613,12.88,2.003338898163606,200.33388981636057,2580.300500834724
1.6905329239998537,12.852,2.003338898163606,200.33388981636057,2574.691151919866
1.7005937149988313,12.876,2.1702838063439063,200.33388981636057,2579.4991652754584
1.710654357999374,12.852,2.003338898163606,200.33388981636057,2574.691151919866
1.7207157229986478,12.88,2.003338898163606,183.63939899833053,2365.2754590984973
1.7307766630001424,12.856,2.003338898163606,200.33388981636057,2575.4924874791313
1.7408388619987818,12.88,2.003338898163606,200.33388981636057,2580.300500834724
1.7508989679990918,12.856,2.003338898163606,200.33388981636057,2575.4924874791313
1.7609590929987462,12.88,2.003338898163606,200.33388981636057,2580.300500834724
1.77101934699931,12.852,2.003338898163606,200.33388981636057,2574.691151919866
1.7810793419994297,12.884,2.003338898163606,200.33388981636057,2581.1018363939897
1.7911406889998034,12.848,2.003338898163606,200.33388981636057,2573.889816360601
1.801202425000156,12.884,2.003338898163606,200.33388981636057,2581.1018363939897
1.811263493998922,12.852,2.003338898163606,200.33388981636057,2574.691151919866
1.821324470000036,12.88,2.003338898163606,200.33388981636057,2580.300500834724
1.8313851689999865,12.852,2.003338898163606,200.33388981636057,2574.691151919866
1.8414467009988584,12.88,2.003338898163606,200.33388981636057,2580.300500834724
1.8515067150001414,12.856,2.003338898163606,200.33388981636057,2575.4924874791313
1.8615654139994149,12.884,2.003338898163606,200.33388981636057,2581.1018363939897
1.8716257050000422,12.852,2.003338898163606,200.33388981636057,2574.691151919866
1.8816854779997811,12.88,2.003338898163606,200.33388981636057,2580.300500834724
1.8917460279990337,12.852,2.003338898163606,200.33388981636057,2574.691151919866
1.901806709000084,12.876,2.1702838063439063,200.33388981636057,2579.4991652754584
1.911867610999252,12.856,2.003338898163606,200.33388981636057,2575.4924874791313
1.9219285319995834,12.88,2.003338898163606,200.33388981636057,2580.300500834724
1.9319894159998512,12.856,2.003338898163606,200.33388981636057,2575.4924874791313
1.942050614999971,12.876,2.003338898163606,200.33388981636057,2579.4991652754584
1.9521116649993928,12.856,2.003338898163606,200.33388981636057,2575.4924874791313
1.9621731229999568,12.88,2.003338898163606,200.33388981636057,2580.300500834724
1.9722337479997805,12.852,2.003338898163606,200.33388981636057,2574.691151919866
1.982294131999879,12.88,2.003338898163606,200.33388981636057,2580.300500834724
1.992354238000189,12.856,2.003338898163606,200.33388981636057,2575.4924874791313
2.00241432599978,12.88,2.003338898163606,200.33388981636057,2580.300500834724
2.012477283999033,12.852,2.1702838063439063,200.33388981636057,2574.691151919866
2.022537648999787,12.88,2.1702838063439063,200.33388981636057,2580.300500834724
2.032600384998659,12.856,2.003338898163606,200.33388981636057,2575.4924874791313
2.0426603619998787,12.88,2.003338898163606,200.33388981636057,2580.300500834724
2.052721209000083,12.852,2.003338898163606,200.33388981636057,2574.691151919866
2.062782110999251,12.88,2.003338898163606,200.33388981636057,2580.300500834724
2.07284308799899,12.852,2.003338898163606,200.33388981636057,2574.691151919866
2.0829038789997867,12.88,2.1702838063439063,200.33388981636057,2580.300500834724
2.092975095998554,12.856,2.003338898163606,200.33388981636057,2575.4924874791313
2.103037034999943,12.876,2.003338898163606,200.33388981636057,2579.4991652754584
2.1130975679989206,12.856,2.003338898163606,217.02838063439066,2790.116861435726
2.1231585999994422,12.876,2.003338898163606,200.33388981636057,2579.4991652754584
2.133222297999964,12.856,2.003338898163606,200.33388981636057,2575.4924874791313
2.143282941999132,12.876,2.003338898163606,200.33388981636057,2579.4991652754584
2.1533444179985963,12.856,2.003338898163606,200.33388981636057,2575.4924874791313
2.163405523999245,12.88,2.003338898163606,200.33388981636057,2580.300500834724
2.1734661669997877,12.856,2.003338898163606,200.33388981636057,2575.4924874791313
2.18352645899904,12.88,2.1702838063439063,200.33388981636057,2580.300500834724
2.19358717599971,12.856,2.003338898163606,200.33388981636057,2575.4924874791313
2.2036469300001045,12.88,2.003338898163606,200.33388981636057,2580.300500834724
2.2137076660001185,12.856,2.003338898163606,200.33388981636057,2575.4924874791313
2.223768679999921,12.88,2.003338898163606,200.33388981636057,2580.300500834724
2.2338298599988775,12.852,2.003338898163606,200.33388981636057,2574.691151919866
2.24389087399868,12.88,2.003338898163606,200.33388981636057,2580.300500834724
2.2539515539992863,12.852,2.003338898163606,200.33388981636057,2574.691151919866
2.2640117529990675,12.88,2.003338898163606,200.33388981636057,2580.300500834724
2.274072524998701,12.856,2.003338898163606,200.33388981636057,2575.4924874791313
2.2841334829990956,12.88,2.003338898163606,200.33388981636057,2580.300500834724
2.294194311998581,12.86,2.003338898163606,200.33388981636057,2576.2938230383966
2.30425419599851,12.876,2.003338898163606,200.33388981636057,2579.4991652754584
2.314314134999222,12.86,2.003338898163606,200.33388981636057,2576.2938230383966
2.32437501899949,12.872,2.003338898163606,200.33388981636057,2578.697829716193
2.3344355139997788,12.856,2.003338898163606,200.33388981636057,2575.4924874791313
2.344496342999264,12.876,2.1702838063439063,200.33388981636057,2579.4991652754584
2.3545567080000183,12.856,2.003338898163606,200.33388981636057,2575.4924874791313
2.3646174619989324,12.876,2.003338898163606,200.33388981636057,2579.4991652754584
2.374678419999327,12.86,2.1702838063439063,200.33388981636057,2576.2938230383966
2.384738729999299,12.876,2.003338898163606,217.02838063439066,2794.457429048414
2.39479965099963,12.86,2.003338898163606,200.33388981636057,2576.2938230383966
2.4048607199983962,12.876,2.003338898163606,200.33388981636057,2579.4991652754584
2.414921345000039,12.852,2.003338898163606,200.33388981636057,2574.691151919866
2.4249822289984877,12.876,2.003338898163606,200.33388981636057,2579.4991652754584
2.435042594999686,12.848,2.003338898163606,200.33388981636057,2573.889816360601
2.4451028859984945,12.88,2.003338898163606,217.02838063439066,2795.3255425709517
2.4551634740000736,12.856,2.003338898163606,200.33388981636057,2575.4924874791313
2.4652245239994954,12.876,2.003338898163606,200.33388981636057,2579.4991652754584
2.4752853339996364,12.86,2.1702838063439063,200.33388981636057,2576.2938230383966
2.485346292000031,12.876,1.8363939899833053,200.33388981636057,2579.4991652754584
2.495407193999199,12.856,2.003338898163606,200.33388981636057,2575.4924874791313
2.505468318999192,12.876,2.003338898163606,200.33388981636057,2579.4991652754584
2.5155290359998617,12.856,2.003338898163606,200.33388981636057,2575.4924874791313
2.525590049999664,12.872,2.003338898163606,200.33388981636057,2578.697829716193
2.5356506379994244,12.856,2.003338898163606,200.33388981636057,2575.4924874791313
2.545711502998529,12.872,1.8363939899833053,200.33388981636057,2578.697829716193
2.5557723689998966,12.864,2.003338898163606,217.02838063439066,2791.8530884808015
2.5658333269984723,12.876,2.003338898163606,217.02838063439066,2794.457429048414
2.575894117999269,12.86,2.003338898163606,200.33388981636057,2576.2938230383966
2.5859539649991348,12.872,2.003338898163606,200.33388981636057,2578.697829716193
2.596014070999445,12.86,2.003338898163606,200.33388981636057,2576.2938230383966
2.606074676999924,12.876,2.1702838063439063,200.33388981636057,2579.4991652754584
2.61613500599924,12.856,2.003338898163606,217.02838063439066,2790.116861435726
2.6261957599999732,12.876,2.003338898163606,200.33388981636057,2579.4991652754584
2.6362562179983797,12.856,2.003338898163606,217.02838063439066,2790.116861435726
2.6463171939994936,12.876,2.003338898163606,200.33388981636057,2579.4991652754584
2.6563780779997614,12.856,2.003338898163606,200.33388981636057,2575.4924874791313
2.666438924999966,12.876,2.003338898163606,200.33388981636057,2579.4991652754584
2.676499975999832,12.86,2.003338898163606,200.33388981636057,2576.2938230383966
2.686560711999846,12.876,2.003338898163606,217.02838063439066,2794.457429048414
2.6966215960001136,12.856,2.003338898163606,200.33388981636057,2575.4924874791313
2.7066823869990912,12.876,2.003338898163606,200.33388981636057,2579.4991652754584
2.7167430669996975,12.856,2.003338898163606,200.33388981636057,2575.4924874791313
2.7268038589991193,12.872,2.003338898163606,217.02838063439066,2793.5893155258764
2.736864834998414,12.864,2.003338898163606,200.33388981636057,2577.0951585976627
2.7469250340000144,12.868,2.003338898163606,217.02838063439066,2792.721202003339
2.7569850469990342,12.864,2.003338898163606,200.33388981636057,2577.0951585976627
2.7670448569988366,12.868,2.1702838063439063,200.33388981636057,2577.896494156928
2.7771055189987237,12.86,2.003338898163606,200.33388981636057,2576.2938230383966
2.7871663099995203,12.876,2.003338898163606,217.02838063439066,2794.457429048414
2.797227953999027,12.86,2.003338898163606,200.33388981636057,2576.2938230383966
2.8072886149984697,12.872,2.003338898163606,200.33388981636057,2578.697829716193
2.8173496660001547,12.868,2.003338898163606,200.33388981636057,2577.896494156928
2.8274104020001687,12.872,2.003338898163606,200.33388981636057,2578.697829716193
2.8374707120001403,12.86,2.003338898163606,200.33388981636057,2576.2938230383966
2.847529761998885,12.876,2.003338898163606,200.33388981636057,2579.4991652754584
2.8575893309989624,12.856,2.003338898163606,200.33388981636057,2575.4924874791313
2.8676500490000763,12.876,1.8363939899833053,200.33388981636057,2579.4991652754584
2.8777108220001537,12.856,2.003338898163606,200.33388981636057,2575.4924874791313
2.887770612998793,12.872,2.003338898163606,200.33388981636057,2578.697829716193
2.89783127499868,12.86,2.003338898163606,200.33388981636057,2576.2938230383966
2.907891454999117,12.876,2.003338898163606,200.33388981636057,2579.4991652754584
2.917952375999448,12.864,2.003338898163606,200.33388981636057,2577.0951585976627
2.9280132409985526,12.872,2.003338898163606,200.33388981636057,2578.697829716193
2.938073124998482,12.864,2.003338898163606,200.33388981636057,2577.0951585976627
2.9481339719986863,12.868,2.003338898163606,200.33388981636057,2577.896494156928
2.958194929999081,12.86,2.003338898163606,183.63939899833053,2361.6026711185305
2.968256054999074,12.864,2.003338898163606,200.33388981636057,2577.0951585976627
2.9783151430001453,12.864,2.003338898163606,200.33388981636057,2577.0951585976627
2.988377229999969,12.872,2.1702838063439063,200.33388981636057,2578.697829716193
2.9984374469986506,12.868,2.003338898163606,200.33388981636057,2577.896494156928
3.008498608998707,12.872,2.003338898163606,200.33388981636057,2578.697829716193
3.0185594559989113,12.868,2.003338898163606,200.33388981636057,2577.896494156928
3.028622395999264,12.872,2.003338898163606,200.33388981636057,2578.697829716193
3.0386832789990876,12.864,2.003338898163606,200.33388981636057,2577.0951585976627
3.0487433489997784,12.868,2.003338898163606,200.33388981636057,2577.896494156928
3.0588042700001097,12.856,2.003338898163606,200.33388981636057,2575.4924874791313
3.068865282999468,12.872,2.003338898163606,200.33388981636057,2578.697829716193
3.0789260559995455,12.86,2.003338898163606,200.33388981636057,2576.2938230383966
3.088986347000173,12.872,2.003338898163606,183.63939899833053,2363.806343906511
3.0990548609988764,12.868,2.003338898163606,200.33388981636057,2577.896494156928
3.1091165779998846,12.872,2.003338898163606,200.33388981636057,2578.697829716193
3.119177591999687,12.868,2.003338898163606,200.33388981636057,2577.896494156928
3.129237863999151,12.872,2.003338898163606,200.33388981636057,2578.697829716193
3.139298266998594,12.864,2.003338898163606,200.33388981636057,2577.0951585976627
3.149359483999433,12.868,2.003338898163606,200.33388981636057,2577.896494156928
3.159420367999701,12.864,2.003338898163606,200.33388981636057,2577.0951585976627
3.1694805299994186,12.864,2.003338898163606,200.33388981636057,2577.0951585976627
3.1795403769992845,12.868,2.003338898163606,200.33388981636057,2577.896494156928
3.189600908999637,12.868,2.003338898163606,200.33388981636057,2577.896494156928
3.1996609219986567,12.868,2.003338898163606,200.33388981636057,2577.896494156928
3.2097219359984592,12.868,2.003338898163606,200.33388981636057,2577.896494156928
3.2197828009993827,12.868,2.003338898163606,200.33388981636057,2577.896494156928
3.2298436669989314,12.864,2.003338898163606,200.33388981636057,2577.0951585976627
3.2399046619993896,12.864,2.003338898163606,200.33388981636057,2577.0951585976627
3.2499654719995306,12.868,2.003338898163606,200.33388981636057,2577.896494156928
3.260025225999925,12.856,2.1702838063439063,200.33388981636057,2575.4924874791313
3.270085146999918,12.868,2.003338898163606,200.33388981636057,2577.896494156928
3.2801451420000376,12.864,2.003338898163606,200.33388981636057,2577.0951585976627
3.290205821998825,12.868,2.003338898163606,200.33388981636057,2577.896494156928
3.300264798999706,12.868,2.003338898163606,200.33388981636057,2577.896494156928
3.31032492399936,12.868,2.003338898163606,200.33388981636057,2577.896494156928
3.320385973998782,12.864,2.1702838063439063,200.33388981636057,2577.0951585976627
3.330446783998923,12.868,2.1702838063439063,200.33388981636057,2577.896494156928
3.3405067789990426,12.864,2.003338898163606,200.33388981636057,2577.0951585976627
3.3505664779986546,12.868,2.003338898163606,217.02838063439066,2792.721202003339
3.360627157999261,12.872,2.003338898163606,200.33388981636057,2578.697829716193
3.3706878389984922,12.86,2.003338898163606,200.33388981636057,2576.2938230383966
3.3807478149992676,12.868,2.003338898163606,200.33388981636057,2577.896494156928
3.390808180998647,12.864,2.003338898163606,200.33388981636057,2577.0951585976627
3.4008688239991898,12.868,2.003338898163606,200.33388981636057,2577.896494156928
3.4109289479984,12.864,2.003338898163606,200.33388981636057,2577.0951585976627
3.4209900179994293,12.868,2.003338898163606,200.33388981636057,2577.896494156928
3.4310509199985972,12.864,2.003338898163606,200.33388981636057,2577.0951585976627
3.4411108779986535,12.864,2.003338898163606,200.33388981636057,2577.0951585976627
3.451170705999175,12.864,2.003338898163606,200.33388981636057,2577.0951585976627
3.461230961000183,12.868,2.003338898163606,217.02838063439066,2792.721202003339
3.4712906969998585,12.868,2.003338898163606,200.33388981636057,2577.896494156928
3.4813505059992167,12.864,2.003338898163606,200.33388981636057,2577.0951585976627
3.491410371998427,12.864,2.003338898163606,200.33388981636057,2577.0951585976627
3.501471588999266,12.864,2.003338898163606,200.33388981636057,2577.0951585976627
3.51153243599947,12.868,2.003338898163606,217.02838063439066,2792.721202003339
3.5215933389990823,12.864,2.003338898163606,200.33388981636057,2577.0951585976627
3.5316540369985887,12.864,2.003338898163606,200.33388981636057,2577.0951585976627
3.5417149029999564,12.872,2.1702838063439063,200.33388981636057,2578.697829716193
3.551775619998807,12.868,2.003338898163606,200.33388981636057,2577.896494156928
3.5618364109996037,12.872,2.003338898163606,200.33388981636057,2578.697829716193
3.5718973689999984,12.86,2.003338898163606,200.33388981636057,2576.2938230383966
3.581957660999251,12.872,2.003338898163606,200.33388981636057,2578.697829716193
3.5920173969989264,12.856,2.003338898163606,200.33388981636057,2575.4924874791313
3.6020781319984962,12.868,2.003338898163606,200.33388981636057,2577.896494156928
3.6121389609998005,12.864,2.003338898163606,200.33388981636057,2577.0951585976627
3.6221997149987146,12.868,2.003338898163606,200.33388981636057,2577.896494156928
3.6322607469992363,12.868,2.003338898163606,200.33388981636057,2577.896494156928
3.642321463999906,12.876,2.003338898163606,200.33388981636057,2579.4991652754584
3.6523823299994547,12.864,2.003338898163606,200.33388981636057,2577.0951585976627
3.6624429919993418,12.868,2.003338898163606,200.33388981636057,2577.896494156928
3.672503912999673,12.864,2.003338898163606,200.33388981636057,2577.0951585976627
3.6825647589994333,12.864,2.1702838063439063,200.33388981636057,2577.0951585976627
3.6926256619990454,12.868,2.003338898163606,200.33388981636057,2577.896494156928
3.702686286998869,12.864,2.003338898163606,200.33388981636057,2577.0951585976627
3.712746410999898,12.868,2.003338898163606,200.33388981636057,2577.896494156928
3.722807295000166,12.872,2.003338898163606,200.33388981636057,2578.697829716193
3.732868252998742,12.864,2.003338898163606,200.33388981636057,2577.0951585976627
3.7429280999986076,12.872,2.003338898163606,200.33388981636057,2578.697829716193
3.7529881139998906,12.864,2.003338898163606,200.33388981636057,2577.0951585976627
3.7630483499997354,12.872,2.003338898163606,200.33388981636057,2578.697829716193
3.7731083079997916,12.864,2.003338898163606,200.33388981636057,2577.0951585976627
3.783169098998769,12.868,2.003338898163606,200.33388981636057,2577.896494156928
3.7932300379998196,12.856,2.1702838063439063,217.02838063439066,2790.116861435726
3.8032909039993683,12.868,2.003338898163606,200.33388981636057,2577.896494156928
3.8133520470000803,12.86,2.003338898163606,200.33388981636057,2576.2938230383966
3.82341131999965,12.876,2.003338898163606,200.33388981636057,2579.4991652754584
3.83347190799941,12.86,2.003338898163606,200.33388981636057,2576.2938230383966
3.843532402999699,12.876,2.1702838063439063,200.33388981636057,2579.4991652754584
3.8535924529987824,12.864,2.003338898163606,200.33388981636057,2577.0951585976627
3.8636531889987964,12.872,2.003338898163606,200.33388981636057,2578.697829716193
3.8737140359990008,12.864,2.003338898163606,200.33388981636057,2577.0951585976627
3.8837743639996916,12.864,2.003338898163606,200.33388981636057,2577.0951585976627
3.893835192999177,12.864,2.003338898163606,200.33388981636057,2577.0951585976627
3.9038948549987254,12.868,2.003338898163606,200.33388981636057,2577.896494156928
3.913956626998697,12.864,2.003338898163606,200.33388981636057,2577.0951585976627
3.924017121998986,12.872,2.003338898163606,200.33388981636057,2578.697829716193
3.934077116999106,12.864,2.003338898163606,200.33388981636057,2577.0951585976627
3.944137372000114,12.872,2.003338898163606,200.33388981636057,2578.697829716193
3.9541972189999797,12.864,2.003338898163606,200.33388981636057,2577.0951585976627
3.9642586399986612,12.872,2.003338898163606,200.33388981636057,2578.697829716193
3.9743187459989713,12.864,2.003338898163606,200.33388981636057,2577.0951585976627
3.9843809260000853,12.872,2.003338898163606,200.33388981636057,2578.697829716193
3.99444116199993,12.856,2.003338898163606,200.33388981636057,2575.4924874791313
4.004500156999711,12.88,2.003338898163606,200.33388981636057,2580.300500834724
4.014561188998414,12.86,2.003338898163606,200.33388981636057,2576.2938230383966
4.024622240000099,12.876,2.003338898163606,200.33388981636057,2579.4991652754584
4.034684030999415,12.86,2.003338898163606,200.33388981636057,2576.2938230383966
4.044744118999006,12.876,2.003338898163606,200.33388981636057,2579.4991652754584
4.054803928998808,12.86,2.003338898163606,200.33388981636057,2576.2938230383966
4.064864812999076,12.872,2.003338898163606,200.33388981636057,2578.697829716193
4.074926344999767,12.86,2.003338898163606,200.33388981636057,2576.2938230383966
4.084987357999125,12.88,2.003338898163606,200.33388981636057,2580.300500834724
4.095057093998548,12.864,2.1702838063439063,200.33388981636057,2577.0951585976627
4.1051187369994295,12.872,2.1702838063439063,200.33388981636057,2578.697829716193
4.115180120999867,12.86,2.003338898163606,200.33388981636057,2576.2938230383966
4.12524137499895,12.876,2.003338898163606,200.33388981636057,2579.4991652754584
4.135302203998435,12.86,2.003338898163606,200.33388981636057,2576.2938230383966
4.145363568999528,12.872,2.003338898163606,200.33388981636057,2578.697829716193
4.155424675000177,12.86,2.003338898163606,200.33388981636057,2576.2938230383966
4.165485114999683,12.872,2.003338898163606,200.33388981636057,2578.697829716193
4.175546146998386,12.86,2.003338898163606,200.33388981636057,2576.2938230383966
4.185606437999013,12.876,2.003338898163606,200.33388981636057,2579.4991652754584
4.195666784999048,12.852,2.003338898163606,200.33388981636057,2574.691151919866
4.205726927999422,12.88,2.003338898163606,200.33388981636057,2580.300500834724
4.215787533999901,12.856,2.003338898163606,200.33388981636057,2575.4924874791313
4.225848344000042,12.876,2.003338898163606,200.33388981636057,2579.4991652754584
4.2359083390001615,12.856,2.003338898163606,200.33388981636057,2575.4924874791313
4.245990222998444,12.868,2.003338898163606,200.33388981636057,2577.896494156928
4.256070402998375,12.86,2.003338898163606,217.02838063439066,2790.9849749582636
4.266150711999217,12.872,2.003338898163606,200.33388981636057,2578.697829716193
4.276231836998704,12.86,2.003338898163606,200.33388981636057,2576.2938230383966
4.286314293998657,12.864,2.003338898163606,183.63939899833053,2362.337228714524
4.296395399998801,12.864,2.003338898163606,200.33388981636057,2577.0951585976627
4.306475338999007,12.864,2.003338898163606,200.33388981636057,2577.0951585976627
4.316556353000124,12.864,2.1702838063439063,200.33388981636057,2577.0951585976627
4.326637235999442,12.868,2.003338898163606,200.33388981636057,2577.896494156928
4.336718230999395,12.864,2.003338898163606,200.33388981636057,2577.0951585976627
4.346798243999729,12.868,2.003338898163606,200.33388981636057,2577.896494156928
4.356879256998582,12.86,2.003338898163606,200.33388981636057,2576.2938230383966
4.366960381999888,12.872,2.003338898163606,200.33388981636057,2578.697829716193
4.377040524999757,12.86,2.003338898163606,200.33388981636057,2576.2938230383966
4.3871214449991385,12.868,2.003338898163606,183.63939899833053,2363.0717863105174
4.397202550999282,12.856,2.003338898163606,200.33388981636057,2575.4924874791313
4.40728208299879,12.872,2.003338898163606,200.33388981636057,2578.697829716193
4.417358651999166,12.86,2.1702838063439063,200.33388981636057,2576.2938230383966
4.427439442999457,12.868,2.003338898163606,200.33388981636057,2577.896494156928
4.437520456000129,12.864,2.003338898163606,200.33388981636057,2577.0951585976627
4.447600876999786,12.872,2.003338898163606,200.33388981636057,2578.697829716193
4.457680685998639,12.864,2.003338898163606,217.02838063439066,2791.8530884808015
4.467760550998719,12.872,2.003338898163606,200.33388981636057,2578.697829716193
4.477844286999243,12.856,2.003338898163606,200.33388981636057,2575.4924874791313
4.487924688999556,12.864,2.003338898163606,200.33388981636057,2577.0951585976627
4.498006406000059,12.86,2.003338898163606,200.33388981636057,2576.2938230383966
4.508086825999271,12.868,2.003338898163606,200.33388981636057,2577.896494156928
4.518169524999394,12.864,2.003338898163606,200.33388981636057,2577.0951585976627
4.528249778999452,12.868,2.003338898163606,200.33388981636057,2577.896494156928
4.538341976998709,12.864,2.003338898163606,200.33388981636057,2577.0951585976627
4.54842287899919,12.868,2.003338898163606,200.33388981636057,2577.896494156928
4.558504632999757,12.868,2.003338898163606,200.33388981636057,2577.896494156928
4.5685857389999,12.872,2.003338898163606,200.33388981636057,2578.697829716193
4.578661473999091,12.86,2.003338898163606,217.02838063439066,2790.9849749582636
4.588741783998557,12.872,2.003338898163606,200.33388981636057,2578.697829716193
4.598822648998976,12.856,2.003338898163606,200.33388981636057,2575.4924874791313
4.608903495998675,12.872,2.003338898163606,200.33388981636057,2578.697829716193
4.618984360999093,12.86,2.003338898163606,200.33388981636057,2576.2938230383966
4.629065262999575,12.872,2.003338898163606,200.33388981636057,2578.697829716193
4.639156404999085,12.864,2.003338898163606,200.33388981636057,2577.0951585976627
4.649237899999207,12.872,2.003338898163606,200.33388981636057,2578.697829716193
4.659319320999202,12.864,2.003338898163606,200.33388981636057,2577.0951585976627
4.669400129998394,12.872,2.003338898163606,217.02838063439066,2793.5893155258764
4.679480772998431,12.856,2.003338898163606,200.33388981636057,2575.4924874791313
4.689562304998617,12.868,2.003338898163606,200.33388981636057,2577.896494156928
4.699643058998845,12.856,2.003338898163606,200.33388981636057,2575.4924874791313
4.70972571999846,12.864,2.003338898163606,200.33388981636057,2577.0951585976627
4.719806825998603,12.86,2.003338898163606,200.33388981636057,2576.2938230383966
4.729889468999318,12.868,2.003338898163606,200.33388981636057,2577.896494156928
4.739994092999041,12.864,2.003338898163606,200.33388981636057,2577.0951585976627
4.750073994999184,12.868,2.003338898163606,183.63939899833053,2363.0717863105174
4.760153581999475,12.864,2.003338898163606,200.33388981636057,2577.0951585976627
4.770236188000126,12.868,2.003338898163606,200.33388981636057,2577.896494156928
4.780316848999064,12.864,2.003338898163606,200.33388981636057,2577.0951585976627
4.790396640999461,12.872,2.003338898163606,200.33388981636057,2578.697829716193
4.8004780979990755,12.852,2.003338898163606,200.33388981636057,2574.691151919866
4.810558981998838,12.872,2.003338898163606,200.33388981636057,2578.697829716193
4.820640013998855,12.856,2.003338898163606,200.33388981636057,2575.4924874791313
4.830720915999336,12.872,2.003338898163606,200.33388981636057,2578.697829716193
4.840823779999482,12.86,2.003338898163606,200.33388981636057,2576.2938230383966
4.850904033999541,12.872,2.003338898163606,200.33388981636057,2578.697829716193
4.860984861999896,12.86,2.003338898163606,200.33388981636057,2576.2938230383966
4.8710658389991295,12.868,2.003338898163606,200.33388981636057,2577.896494156928
4.881146795998575,12.864,2.003338898163606,200.33388981636057,2577.0951585976627
4.89122773499912,12.868,2.003338898163606,200.33388981636057,2577.896494156928
4.90130808199865,12.864,2.003338898163606,200.33388981636057,2577.0951585976627
4.911389316999703,12.864,2.003338898163606,217.02838063439066,2791.8530884808015
4.921470256998873,12.86,2.003338898163606,200.33388981636057,2576.2938230383966
4.931546417999925,12.868,2.003338898163606,200.33388981636057,2577.896494156928
4.941634060998695,12.86,2.003338898163606,200.33388981636057,2576.2938230383966
4.951715666999007,12.872,2.003338898163606,183.63939899833053,2363.806343906511
4.96179884599951,12.864,2.003338898163606,200.33388981636057,2577.0951585976627
4.971882914998787,12.872,1.8363939899833053,200.33388981636057,2578.697829716193
4.981966242999988,12.864,2.003338898163606,200.33388981636057,2577.0951585976627
4.992045682000025,12.872,2.003338898163606,200.33388981636057,2578.697829716193
5.002125750999767,12.856,2.003338898163606,200.33388981636057,2575.4924874791313
5.012206689998493,12.872,2.003338898163606,200.33388981636057,2578.697829716193
5.022289499998806,12.852,2.003338898163606,200.33388981636057,2574.691151919866
5.032370512999478,12.876,2.003338898163606,200.33388981636057,2579.4991652754584
5.042446822999409,12.856,2.003338898163606,200.33388981636057,2575.4924874791313
5.052533946998665,12.872,2.003338898163606,200.33388981636057,2578.697829716193
5.062615292999908,12.86,2.003338898163606,200.33388981636057,2576.2938230383966
5.072696195999015,12.872,2.003338898163606,200.33388981636057,2578.697829716193
5.082777541998439,12.864,2.003338898163606,200.33388981636057,2577.0951585976627
5.092867925999599,12.872,2.003338898163606,200.33388981636057,2578.697829716193
5.102951086999383,12.864,2.003338898163606,200.33388981636057,2577.0951585976627
5.113031285000034,12.868,2.003338898163606,200.33388981636057,2577.896494156928
5.123112446999585,12.856,2.003338898163606,200.33388981636057,2575.4924874791313
5.1331943859986495,12.872,2.003338898163606,217.02838063439066,2793.5893155258764
5.143357434999416,12.856,2.003338898163606,200.33388981636057,2575.4924874791313
5.15343370699884,12.872,2.003338898163606,200.33388981636057,2578.697829716193
5.1635103129992785,12.86,2.003338898163606,200.33388981636057,2576.2938230383966
5.17358614099976,12.876,2.003338898163606,200.33388981636057,2579.4991652754584
5.1836626549993525,12.864,2.003338898163606,200.33388981636057,2577.0951585976627
5.193738482999834,12.872,2.003338898163606,200.33388981636057,2578.697829716193
5.203814328999215,12.856,2.003338898163606,200.33388981636057,2575.4924874791313
5.21389139799976,12.876,2.003338898163606,217.02838063439066,2794.457429048414
5.223967855999945,12.848,2.003338898163606,200.33388981636057,2573.889816360601
5.234046276998924,12.872,2.003338898163606,200.33388981636057,2578.697829716193
5.244178566999835,12.856,2.003338898163606,200.33388981636057,2575.4924874791313
5.254260875999535,12.876,1.8363939899833053,200.33388981636057,2579.4991652754584
5.264340055999128,12.856,2.003338898163606,200.33388981636057,2575.4924874791313
5.274421402998996,12.872,2.003338898163606,200.33388981636057,2578.697829716193
5.28450274899842,12.86,2.003338898163606,200.33388981636057,2576.2938230383966
5.294583633000002,12.868,2.003338898163606,200.33388981636057,2577.896494156928
5.304663867998897,12.864,2.003338898163606,200.33388981636057,2577.0951585976627
5.31473978899885,12.868,2.003338898163606,200.33388981636057,2577.896494156928
5.324821301999691,12.864,2.003338898163606,200.33388981636057,2577.0951585976627
5.334902278998925,12.872,2.003338898163606,200.33388981636057,2578.697829716193
5.344992457999979,12.864,2.003338898163606,200.33388981636057,2577.0951585976627
5.3550685639984295,12.872,2.003338898163606,200.33388981636057,2578.697829716193
5.365145465999376,12.86,2.003338898163606,200.33388981636057,2576.2938230383966
5.375221645999773,12.872,2.003338898163606,200.33388981636057,2578.697829716193
5.385296992999429,12.86,2.003338898163606,217.02838063439066,2790.9849749582636
5.3953726179988735,12.876,2.1702838063439063,200.33388981636057,2579.4991652754584
5.405449130999841,12.86,2.003338898163606,200.33388981636057,2576.2938230383966
5.4155257739985245,12.872,2.003338898163606,200.33388981636057,2578.697829716193
5.425601897999513,12.86,2.003338898163606,200.33388981636057,2576.2938230383966
5.43567867099955,12.872,2.003338898163606,200.33388981636057,2578.697829716193
5.445756146998974,12.852,2.003338898163606,200.33388981636057,2574.691151919866
5.455836289998842,12.876,2.003338898163606,200.33388981636057,2579.4991652754584
5.465918950998457,12.856,2.003338898163606,200.33388981636057,2575.4924874791313
5.47599946399896,12.876,2.003338898163606,200.33388981636057,2579.4991652754584
5.486082125999019,12.856,2.003338898163606,200.33388981636057,2575.4924874791313
5.496161749999374,12.872,2.003338898163606,200.33388981636057,2578.697829716193
5.50624085599884,12.86,2.003338898163606,217.02838063439066,2790.9849749582636
5.516321166000125,12.868,2.003338898163606,200.33388981636057,2577.896494156928
5.5264009940001415,12.86,2.003338898163606,200.33388981636057,2576.2938230383966
5.536482061999777,12.868,2.1702838063439063,217.02838063439066,2792.721202003339
5.546586834998379,12.864,2.003338898163606,200.33388981636057,2577.0951585976627
5.5566678479990514,12.872,2.003338898163606,200.33388981636057,2578.697829716193
5.56674943500002,12.864,2.003338898163606,200.33388981636057,2577.0951585976627
5.576830541000163,12.872,2.003338898163606,200.33388981636057,2578.697829716193
5.586911349999355,12.856,2.003338898163606,200.33388981636057,2575.4924874791313
5.596992696999223,12.872,2.003338898163606,200.33388981636057,2578.697829716193
5.607073524999578,12.856,1.8363939899833053,200.33388981636057,2575.4924874791313
5.61715440899934,12.872,2.003338898163606,200.33388981636057,2578.697829716193
5.627235310999822,12.856,2.003338898163606,200.33388981636057,2575.4924874791313
5.637315693998971,12.872,2.003338898163606,200.33388981636057,2578.697829716193
5.647405615000025,12.86,2.003338898163606,200.33388981636057,2576.2938230383966
5.6574868129991955,12.872,2.003338898163606,200.33388981636057,2578.697829716193
5.667567511998641,12.864,2.003338898163606,200.33388981636057,2577.0951585976627
5.677648413999123,12.872,2.003338898163606,200.33388981636057,2578.697829716193
5.687729130999287,12.856,2.003338898163606,200.33388981636057,2575.4924874791313
5.697811865999029,12.876,2.003338898163606,200.33388981636057,2579.4991652754584
5.70789202800006,12.856,2.003338898163606,200.33388981636057,2575.4924874791313
5.717973336999421,12.868,2.003338898163606,200.33388981636057,2577.896494156928
5.728053942999395,12.86,2.003338898163606,200.33388981636057,2576.2938230383966
5.738136455998756,12.868,2.003338898163606,200.33388981636057,2577.896494156928
5.7482383209990076,12.864,2.003338898163606,200.33388981636057,2577.0951585976627
5.758318370999405,12.868,2.003338898163606,200.33388981636057,2577.896494156928
5.768398791999061,12.864,2.1702838063439063,200.33388981636057,2577.0951585976627
5.778479860999141,12.872,2.003338898163606,200.33388981636057,2578.697829716193
5.788560762999623,12.864,2.003338898163606,200.33388981636057,2577.0951585976627
5.798641867999322,12.876,2.003338898163606,200.33388981636057,2579.4991652754584
5.808722418998514,12.856,2.003338898163606,200.33388981636057,2575.4924874791313
5.8188034879985935,12.872,2.003338898163606,200.33388981636057,2578.697829716193
5.828884185999414,12.852,2.003338898163606,183.63939899833053,2360.133555926544
5.838964976999705,12.876,2.003338898163606,200.33388981636057,2579.4991652754584
5.849068341998645,12.86,2.003338898163606,200.33388981636057,2576.2938230383966
5.859148095998535,12.872,2.003338898163606,200.33388981636057,2578.697829716193
5.869229349998932,12.864,2.1702838063439063,200.33388981636057,2577.0951585976627
5.879311214999689,12.872,2.003338898163606,200.33388981636057,2578.697829716193
5.889392319999388,12.864,2.003338898163606,200.33388981636057,2577.0951585976627
5.89947309299896,12.872,2.003338898163606,217.02838063439066,2793.5893155258764
5.909554235999167,12.856,2.1702838063439063,200.33388981636057,2575.4924874791313
5.919633470999543,12.868,2.003338898163606,200.33388981636057,2577.896494156928
5.929714169998988,12.86,2.003338898163606,200.33388981636057,2576.2938230383966
5.939795886999491,12.868,2.003338898163606,200.33388981636057,2577.896494156928
5.94994956499977,12.86,2.003338898163606,200.33388981636057,2576.2938230383966
5.9600283929994475,12.872,2.003338898163606,200.33388981636057,2578.697829716193
5.970107202998406,12.864,2.003338898163606,200.33388981636057,2577.0951585976627
5.980188900999565,12.872,2.003338898163606,200.33388981636057,2578.697829716193
5.990263210998819,12.86,2.003338898163606,200.33388981636057,2576.2938230383966
6.000336538998454,12.872,2.1702838063439063,200.33388981636057,2578.697829716193
6.010415663999083,12.856,2.003338898163606,200.33388981636057,2575.4924874791313
6.020506416998614,12.876,2.003338898163606,200.33388981636057,2579.4991652754584
6.0305859860000055,12.848,2.1702838063439063,200.33388981636057,2573.889816360601
6.040662628998689,12.872,2.003338898163606,200.33388981636057,2578.697829716193
6.050743104999128,12.856,2.003338898163606,200.33388981636057,2575.4924874791313
6.060824692998722,12.872,2.003338898163606,200.33388981636057,2578.697829716193
6.07090809500005,12.856,2.003338898163606,200.33388981636057,2575.4924874791313
6.0809897929993895,12.872,2.003338898163606,200.33388981636057,2578.697829716193
6.091073898998729,12.86,2.003338898163606,200.33388981636057,2576.2938230383966
6.101158985999064,12.868,2.003338898163606,200.33388981636057,2577.896494156928
6.111236850998466,12.86,2.003338898163606,200.33388981636057,2576.2938230383966
6.121318826999413,12.868,2.003338898163606,200.33388981636057,2577.896494156928
6.131400414999007,12.856,2.003338898163606,200.33388981636057,2575.4924874791313
6.141482205999637,12.872,2.003338898163606,200.33388981636057,2578.697829716193
6.151641865999409,12.856,2.003338898163606,200.33388981636057,2575.4924874791313
6.161721156999192,12.872,2.003338898163606,200.33388981636057,2578.697829716193
6.171799169998849,12.86,2.003338898163606,200.33388981636057,2576.2938230383966
6.18187488699914,12.876,2.003338898163606,200.33388981636057,2579.4991652754584
6.191950325999642,12.86,2.003338898163606,200.33388981636057,2576.2938230383966
6.202025820999552,12.872,2.003338898163606,200.33388981636057,2578.697829716193
6.212101704999441,12.86,2.003338898163606,217.02838063439066,2790.9849749582636
6.222177569999985,12.872,2.003338898163606,217.02838063439066,2793.5893155258764
6.232253860998753,12.848,2.003338898163606,200.33388981636057,2573.889816360601
6.2423322449994885,12.876,2.003338898163606,200.33388981636057,2579.4991652754584
6.252409424998405,12.852,2.003338898163606,200.33388981636057,2574.691151919866
6.262489622999055,12.876,2.003338898163606,200.33388981636057,2579.4991652754584
6.272570654999072,12.856,2.003338898163606,217.02838063439066,2790.116861435726
6.282650963999913,12.872,2.003338898163606,200.33388981636057,2578.697829716193
6.29273186699902,12.86,2.003338898163606,200.33388981636057,2576.2938230383966
6.302812064999671,12.872,2.003338898163606,200.33388981636057,2578.697829716193
6.312891651999962,12.864,2.003338898163606,200.33388981636057,2577.0951585976627
6.322972479998498,12.868,2.003338898163606,200.33388981636057,2577.896494156928
6.333053753000058,12.864,2.003338898163606,200.33388981636057,2577.0951585976627
6.343133691998446,12.868,2.1702838063439063,200.33388981636057,2577.896494156928
6.353223537998929,12.856,2.003338898163606,200.33388981636057,2575.4924874791313
6.363304717999199,12.872,2.003338898163606,200.33388981636057,2578.697829716193
6.373384879998412,12.856,2.003338898163606,200.33388981636057,2575.4924874791313
6.383465781998893,12.872,2.003338898163606,200.33388981636057,2578.697829716193
6.3935467949995655,12.86,2.003338898163606,200.33388981636057,2576.2938230383966
6.403628141999434,12.872,2.003338898163606,200.33388981636057,2578.697829716193
6.413729709998734,12.864,2.003338898163606,200.33388981636057,2577.0951585976627
6.423810796999533,12.872,2.003338898163606,200.33388981636057,2578.697829716193
6.433893772998999,12.856,2.003338898163606,200.33388981636057,2575.4924874791313
6.4439735830001155,12.872,2.003338898163606,200.33388981636057,2578.697829716193
6.45408339200003,12.864,2.003338898163606,200.33388981636057,2577.0951585976627
6.464163015998565,12.872,2.003338898163606,200.33388981636057,2578.697829716193
6.4742429929992795,12.856,2.003338898163606,200.33388981636057,2575.4924874791313
6.484324023998852,12.876,2.003338898163606,200.33388981636057,2579.4991652754584
6.494404351999037,12.856,2.003338898163606,200.33388981636057,2575.4924874791313
6.504485809999096,12.872,2.1702838063439063,200.33388981636057,2578.697829716193
6.514566693998859,12.86,2.003338898163606,200.33388981636057,2576.2938230383966
6.524647669999467,12.872,2.003338898163606,200.33388981636057,2578.697829716193
6.534728497999822,12.864,2.003338898163606,200.33388981636057,2577.0951585976627
6.544810104000135,12.868,2.003338898163606,200.33388981636057,2577.896494156928
6.55491385699861,12.864,2.003338898163606,200.33388981636057,2577.0951585976627
6.56499490799979,12.868,2.003338898163606,200.33388981636057,2577.896494156928
6.575076125000123,12.864,2.1702838063439063,200.33388981636057,2577.0951585976627
6.585156711998934,12.872,2.003338898163606,200.33388981636057,2578.697829716193
6.5952374289990985,12.856,2.003338898163606,200.33388981636057,2575.4924874791313
6.6053256089999195,12.872,2.003338898163606,200.33388981636057,2578.697829716193
6.615406584998709,12.86,2.003338898163606,200.33388981636057,2576.2938230383966
6.625487634999445,12.872,2.003338898163606,200.33388981636057,2578.697829716193
6.635567462999461,12.856,2.003338898163606,200.33388981636057,2575.4924874791313
6.645647901999837,12.872,2.003338898163606,200.33388981636057,2578.697829716193
6.655756358999497,12.86,2.003338898163606,200.33388981636057,2576.2938230383966
6.665839483999662,12.872,2.003338898163606,200.33388981636057,2578.697829716193
6.675919218998388,12.864,2.1702838063439063,200.33388981636057,2577.0951585976627
6.686001046999081,12.876,2.1702838063439063,200.33388981636057,2579.4991652754584
6.696082041999034,12.856,2.003338898163606,200.33388981636057,2575.4924874791313
6.7061642769986065,12.876,2.003338898163606,200.33388981636057,2579.4991652754584
6.716243105000103,12.856,2.003338898163606,200.33388981636057,2575.4924874791313
6.726325618999908,12.868,2.003338898163606,200.33388981636057,2577.896494156928
6.736405984000157,12.86,2.003338898163606,200.33388981636057,2576.2938230383966
6.746487515998524,12.868,2.003338898163606,200.33388981636057,2577.896494156928
6.756579176999367,12.864,2.003338898163606,200.33388981636057,2577.0951585976627
6.766658615999404,12.868,2.003338898163606,200.33388981636057,2577.896494156928
6.776739036999061,12.864,2.003338898163606,200.33388981636057,2577.0951585976627
6.786820049999733,12.872,2.003338898163606,200.33388981636057,2578.697829716193
6.796899821998522,12.864,2.003338898163606,200.33388981636057,2577.0951585976627
6.8069789099990885,12.872,2.003338898163606,200.33388981636057,2578.697829716193
6.817059533999782,12.856,2.003338898163606,200.33388981636057,2575.4924874791313
6.827140528999735,12.876,2.003338898163606,200.33388981636057,2579.4991652754584
6.837221615998715,12.852,2.1702838063439063,200.33388981636057,2574.691151919866
6.847302165999281,12.876,1.8363939899833053,200.33388981636057,2579.4991652754584
6.857405752998602,12.856,2.003338898163606,200.33388981636057,2575.4924874791313
6.867487006998999,12.876,2.003338898163606,200.33388981636057,2579.4991652754584
6.877567982999608,12.864,2.003338898163606,200.33388981636057,2577.0951585976627
6.887649292999413,12.872,2.003338898163606,200.33388981636057,2578.697829716193
6.897732009998435,12.864,2.003338898163606,200.33388981636057,2577.0951585976627
6.907813207999425,12.876,2.003338898163606,200.33388981636057,2579.4991652754584
6.9178957029998855,12.856,2.003338898163606,200.33388981636057,2575.4924874791313
6.9279753459995845,12.872,2.003338898163606,217.02838063439066,2793.5893155258764
6.938055136999537,12.856,2.003338898163606,200.33388981636057,2575.4924874791313
6.948135279999406,12.868,2.003338898163606,200.33388981636057,2577.896494156928
6.958240088999446,12.86,2.003338898163606,217.02838063439066,2790.9849749582636
6.968321102000118,12.872,2.1702838063439063,200.33388981636057,2578.697829716193
6.978401929998654,12.86,2.003338898163606,200.33388981636057,2576.2938230383966
6.988483350998649,12.872,2.003338898163606,200.33388981636057,2578.697829716193
6.998564326999258,12.864,2.003338898163606,200.33388981636057,2577.0951585976627
7.008645080999486,12.872,2.003338898163606,200.33388981636057,2578.697829716193
7.018725963998804,12.864,2.003338898163606,217.02838063439066,2791.8530884808015
7.028806847998567,12.876,2.003338898163606,200.33388981636057,2579.4991652754584
7.038887397999133,12.852,2.003338898163606,200.33388981636057,2574.691151919866
7.048968151999361,12.876,2.003338898163606,200.33388981636057,2579.4991652754584
7.059058979999463,12.852,2.003338898163606,200.33388981636057,2574.691151919866
7.06913638199876,12.876,2.003338898163606,217.02838063439066,2794.457429048414
7.079212191998522,12.86,2.003338898163606,200.33388981636057,2576.2938230383966
7.089290056999744,12.876,2.003338898163606,200.33388981636057,2579.4991652754584
7.099371477999739,12.86,2.003338898163606,200.33388981636057,2576.2938230383966
7.109447269000157,12.876,2.003338898163606,200.33388981636057,2579.4991652754584
7.119524096999157,12.856,2.003338898163606,200.33388981636057,2575.4924874791313
7.129600794998623,12.876,2.003338898163606,200.33388981636057,2579.4991652754584
7.139673956999104,12.856,2.003338898163606,200.33388981636057,2575.4924874791313
7.149752895998972,12.868,2.003338898163606,200.33388981636057,2577.896494156928
7.159898759999123,12.856,2.003338898163606,200.33388981636057,2575.4924874791313
7.169976606999626,12.9,2.003338898163606,200.33388981636057,2584.3071786310516
7.180056878998585,12.88,1.8363939899833053,183.63939899833053,2365.2754590984973
7.190138078000018,12.892,2.003338898163606,200.33388981636057,2582.70450751252
7.2002185539986385,12.872,2.003338898163606,200.33388981636057,2578.697829716193
7.21030115999929,12.888,1.8363939899833053,200.33388981636057,2581.903171953255
7.220381209999687,12.872,2.003338898163606,183.63939899833053,2363.806343906511
7.2304614079985186,12.888,2.003338898163606,200.33388981636057,2581.903171953255
7.240542569999889,12.864,2.003338898163606,200.33388981636057,2577.0951585976627
7.250623175999863,12.892,1.8363939899833053,200.33388981636057,2582.70450751252
7.260732744000052,12.86,2.003338898163606,183.63939899833053,2361.6026711185305
7.270813978999286,12.896,2.003338898163606,183.63939899833053,2368.2136894824707
7.280895010999302,12.864,1.8363939899833053,200.33388981636057,2577.0951585976627
7.290975986999911,12.896,1.8363939899833053,200.33388981636057,2583.505843071786
7.301056166999842,12.836,2.1702838063439063,200.33388981636057,2571.4858096828043
7.311137050999605,12.872,2.003338898163606,200.33388981636057,2578.697829716193
7.321218379000129,12.852,2.003338898163606,200.33388981636057,2574.691151919866
7.3312939849984105,12.876,2.003338898163606,200.33388981636057,2579.4991652754584
7.341375441999844,12.856,2.1702838063439063,200.33388981636057,2575.4924874791313
7.351456010999755,12.872,2.003338898163606,200.33388981636057,2578.697829716193
7.361545023999497,12.852,2.003338898163606,200.33388981636057,2574.691151919866
7.3716205559994705,12.88,2.003338898163606,200.33388981636057,2580.300500834724
7.381723698999849,12.852,2.003338898163606,200.33388981636057,2574.691151919866
7.391800304998469,12.88,2.003338898163606,200.33388981636057,2580.300500834724
7.401877002999754,12.852,2.003338898163606,200.33388981636057,2574.691151919866
7.411953330998585,12.876,2.003338898163606,200.33388981636057,2579.4991652754584
7.4220316219998494,12.856,2.003338898163606,200.33388981636057,2575.4924874791313
7.432107375998385,12.88,2.003338898163606,200.33388981636057,2580.300500834724
7.442185111998697,12.852,2.003338898163606,217.02838063439066,2789.2487479131887
7.452261569998882,12.88,2.003338898163606,200.33388981636057,2580.300500834724
7.462349748999259,12.844,2.003338898163606,200.33388981636057,2573.088480801335
7.472431039999719,12.88,1.8363939899833053,200.33388981636057,2580.300500834724
7.482512349999524,12.844,2.003338898163606,200.33388981636057,2573.088480801335
7.492593658998885,12.88,2.003338898163606,200.33388981636057,2580.300500834724
7.502674431998457,12.848,2.003338898163606,200.33388981636057,2573.889816360601
7.512754814999425,12.88,2.003338898163606,217.02838063439066,2795.3255425709517
7.522834476998469,12.852,2.003338898163606,200.33388981636057,2574.691151919866
7.532914693998464,12.88,2.003338898163606,200.33388981636057,2580.300500834724
7.542995687999792,12.852,2.003338898163606,200.33388981636057,2574.691151919866
7.553076090998729,12.872,2.003338898163606,200.33388981636057,2578.697829716193
7.563166399999318,12.856,2.003338898163606,200.33388981636057,2575.4924874791313
7.573247320999144,12.876,2.003338898163606,217.02838063439066,2794.457429048414
7.583327981999901,12.848,2.003338898163606,200.33388981636057,2573.889816360601
7.593407605998436,12.88,2.003338898163606,200.33388981636057,2580.300500834724
7.603488730999743,12.848,2.003338898163606,200.33388981636057,2573.889816360601
7.6135697809986596,12.88,2.003338898163606,200.33388981636057,2580.300500834724
7.623650071998782,12.852,2.003338898163606,200.33388981636057,2574.691151919866
7.633733158998439,12.88,2.003338898163606,200.33388981636057,2580.300500834724
7.643814320999809,12.848,2.003338898163606,200.33388981636057,2573.889816360601
7.653897222999149,12.876,2.1702838063439063,200.33388981636057,2579.4991652754584
7.664001790999464,12.844,2.003338898163606,200.33388981636057,2573.088480801335
7.674083988998973,12.88,2.003338898163606,200.33388981636057,2580.300500834724
7.684164705999137,12.852,2.1702838063439063,200.33388981636057,2574.691151919866
7.6942469049990905,12.88,2.003338898163606,200.33388981636057,2580.300500834724
7.704327065999678,12.844,2.003338898163606,200.33388981636057,2573.088480801335
7.71440783899925,12.884,2.003338898163606,200.33388981636057,2581.1018363939897
7.724488795998695,12.848,2.003338898163606,200.33388981636057,2573.889816360601
7.734569586998987,12.88,2.003338898163606,200.33388981636057,2580.300500834724
7.7446497669989185,12.852,1.8363939899833053,200.33388981636057,2574.691151919866
7.754730613998618,12.876,2.1702838063439063,200.33388981636057,2579.4991652754584
7.764834237999821,12.852,2.003338898163606,200.33388981636057,2574.691151919866
7.774914898998759,12.872,2.003338898163606,200.33388981636057,2578.697829716193
7.784996004998902,12.856,2.003338898163606,200.33388981636057,2575.4924874791313
7.795077128999765,12.88,2.003338898163606,200.33388981636057,2580.300500834724
7.805157271999633,12.848,2.003338898163606,200.33388981636057,2573.889816360601
7.81523721099984,12.88,2.003338898163606,217.02838063439066,2795.3255425709517
7.825317853999877,12.848,2.1702838063439063,217.02838063439066,2788.3806343906513
7.835398459999851,12.88,2.1702838063439063,200.33388981636057,2580.300500834724
7.845479177000016,12.848,2.003338898163606,200.33388981636057,2573.889816360601
7.85555869000018,12.884,2.003338898163606,200.33388981636057,2581.1018363939897
7.865664128999924,12.844,2.003338898163606,200.33388981636057,2573.088480801335
7.875745030998587,12.88,2.003338898163606,200.33388981636057,2580.300500834724
7.885826562998773,12.876,2.003338898163606,200.33388981636057,2579.4991652754584
7.89590661299917,12.908,1.8363939899833053,183.63939899833053,2370.4173622704507
7.905989699998827,12.872,2.003338898163606,200.33388981636057,2578.697829716193
7.916069547000006,12.9,2.003338898163606,200.33388981636057,2584.3071786310516
7.926151726998796,12.864,1.8363939899833053,200.33388981636057,2577.0951585976627
7.936230887999045,12.9,2.003338898163606,183.63939899833053,2368.9482470784637
7.946310197999992,12.864,2.003338898163606,200.33388981636057,2577.0951585976627
7.956389692999437,12.896,2.003338898163606,200.33388981636057,2583.505843071786
7.966464594999707,12.864,1.8363939899833053,200.33388981636057,2577.0951585976627
7.976546107998729,12.888,2.003338898163606,183.63939899833053,2366.744574290484
7.9866265099990414,12.868,2.003338898163606,183.63939899833053,2363.0717863105174
7.996707004998825,12.888,1.8363939899833053,183.63939899833053,2366.744574290484
8.006787036998503,12.868,2.003338898163606,183.63939899833053,2363.0717863105174
8.016868271999556,12.864,2.003338898163606,217.02838063439066,2791.8530884808015
8.026948785000059,12.844,2.003338898163606,200.33388981636057,2573.088480801335
8.0370300759987,12.88,2.003338898163606,200.33388981636057,2580.300500834724
8.047111385998505,12.848,2.003338898163606,200.33388981636057,2573.889816360601
8.057192268999643,12.884,2.003338898163606,200.33388981636057,2581.1018363939897
8.067283263999343,12.844,2.003338898163606,200.33388981636057,2573.088480801335
8.077360481000142,12.88,2.003338898163606,200.33388981636057,2580.300500834724
8.087438067999756,12.852,2.003338898163606,200.33388981636057,2574.691151919866
8.097521321999011,12.88,2.003338898163606,200.33388981636057,2580.300500834724
8.107602316998964,12.852,2.003338898163606,217.02838063439066,2789.2487479131887
8.117679977998705,12.884,2.003338898163606,200.33388981636057,2581.1018363939897
8.127757769998425,12.848,2.003338898163606,200.33388981636057,2573.889816360601
8.137836356998378,12.884,2.003338898163606,200.33388981636057,2581.1018363939897
8.14791312899979,12.848,2.003338898163606,217.02838063439066,2788.3806343906513
8.157991308999044,12.88,2.003338898163606,200.33388981636057,2580.300500834724
8.168138987999555,12.852,2.003338898163606,200.33388981636057,2574.691151919866
8.178219519999402,12.88,2.003338898163606,200.33388981636057,2580.300500834724
8.188301348000095,12.852,2.003338898163606,200.33388981636057,2574.691151919866
8.198381379999773,12.876,2.003338898163606,200.33388981636057,2579.4991652754584
8.20846192999852,12.852,2.003338898163606,200.33388981636057,2574.691151919866
8.218542664999404,12.876,2.003338898163606,200.33388981636057,2579.4991652754584
8.228623659999357,12.852,2.003338898163606,200.33388981636057,2574.691151919866
8.238704080999014,12.88,2.003338898163606,200.33388981636057,2580.300500834724
8.248783741999432,12.852,2.003338898163606,200.33388981636057,2574.691151919866
8.258864088998962,12.884,2.1702838063439063,183.63939899833053,2366.010016694491
8.268971972000145,12.844,2.1702838063439063,200.33388981636057,2573.088480801335
8.279052058998786,12.884,2.1702838063439063,200.33388981636057,2581.1018363939897
8.289133442998718,12.848,2.003338898163606,200.33388981636057,2573.889816360601
8.299213325999517,12.884,2.003338898163606,200.33388981636057,2581.1018363939897
8.309292968999216,12.852,2.003338898163606,183.63939899833053,2360.133555926544
8.319373074999021,12.88,2.003338898163606,200.33388981636057,2580.300500834724
8.329453013999228,12.852,2.003338898163606,200.33388981636057,2574.691151919866
8.339533582999138,12.88,2.003338898163606,217.02838063439066,2795.3255425709517
8.349614281998583,12.852,2.003338898163606,200.33388981636057,2574.691151919866
8.359695720999298,12.88,2.003338898163606,183.63939899833053,2365.2754590984973
8.369777400999737,12.852,2.003338898163606,200.33388981636057,2574.691151919866
8.379857987998548,12.876,2.003338898163606,200.33388981636057,2579.4991652754584
8.389937852998628,12.848,2.003338898163606,217.02838063439066,2788.3806343906513
8.400017365998792,12.88,2.003338898163606,200.33388981636057,2580.300500834724
8.410097287000099,12.852,2.003338898163606,200.33388981636057,2574.691151919866
8.420177910998973,12.876,2.003338898163606,200.33388981636057,2579.4991652754584
8.430260294999243,12.852,2.003338898163606,200.33388981636057,2574.691151919866
8.440341233999789,12.88,2.003338898163606,200.33388981636057,2580.300500834724
8.450422987998536,12.852,2.003338898163606,200.33388981636057,2574.691151919866
8.460504241998933,12.88,2.003338898163606,200.33388981636057,2580.300500834724
8.470596309998655,12.848,2.003338898163606,200.33388981636057,2573.889816360601
8.480675971999517,12.884,2.003338898163606,200.33388981636057,2581.1018363939897
8.490756559000147,12.848,2.003338898163606,200.33388981636057,2573.889816360601
8.500836702000015,12.884,2.003338898163606,200.33388981636057,2581.1018363939897
8.510914196998783,12.852,2.003338898163606,200.33388981636057,2574.691151919866
8.52099485799954,12.884,2.003338898163606,200.33388981636057,2581.1018363939897
8.53107553799964,12.852,2.003338898163606,200.33388981636057,2574.691151919866
8.541156680999848,12.88,2.003338898163606,200.33388981636057,2580.300500834724
8.551237545998447,12.852,2.003338898163606,200.33388981636057,2574.691151919866
8.561318078000113,12.876,2.003338898163606,200.33388981636057,2579.4991652754584
8.571420108999519,12.852,2.003338898163606,200.33388981636057,2574.691151919866
8.581501344999197,12.876,2.003338898163606,200.33388981636057,2579.4991652754584
8.591580412999974,12.852,2.003338898163606,183.63939899833053,2360.133555926544
8.601659668000138,12.88,2.003338898163606,200.33388981636057,2580.300500834724
8.611740828999245,12.852,2.003338898163606,200.33388981636057,2574.691151919866
8.621823248999135,12.884,2.003338898163606,200.33388981636057,2581.1018363939897
8.631904206999025,12.852,2.003338898163606,200.33388981636057,2574.691151919866
8.641984832000162,12.876,2.003338898163606,200.33388981636057,2579.4991652754584
8.65206365999984,12.852,2.003338898163606,200.33388981636057,2574.691151919866
8.66214354299882,12.876,2.003338898163606,200.33388981636057,2579.4991652754584
8.672247648999473,12.848,2.003338898163606,200.33388981636057,2573.889816360601
8.682330772999194,12.88,2.003338898163606,200.33388981636057,2580.300500834724
8.692411730999083,12.848,2.003338898163606,200.33388981636057,2573.889816360601
8.702493169999798,12.88,2.1702838063439063,200.33388981636057,2580.300500834724
8.712573849999899,12.848,2.003338898163606,200.33388981636057,2573.889816360601
8.722654899998815,12.88,2.003338898163606,200.33388981636057,2580.300500834724
8.732735431998663,12.852,2.003338898163606,200.33388981636057,2574.691151919866
8.742815499999779,12.884,2.003338898163606,200.33388981636057,2581.1018363939897
8.752896383999541,12.852,2.003338898163606,200.33388981636057,2574.691151919866
8.762977082998987,12.88,2.1702838063439063,200.33388981636057,2580.300500834724
8.77308083599928,12.852,2.003338898163606,200.33388981636057,2574.691151919866
8.783161348999784,12.872,2.003338898163606,200.33388981636057,2578.697829716193
8.793242047999229,12.852,2.003338898163606,200.33388981636057,2574.691151919866
8.803322523999668,12.88,2.003338898163606,200.33388981636057,2580.300500834724
8.813403352000023,12.852,2.003338898163606,200.33388981636057,2574.691151919866
8.823484531998474,12.884,2.003338898163606,183.63939899833053,2366.010016694491
8.833565600998554,12.852,2.003338898163606,200.33388981636057,2574.691151919866
8.843645224998909,12.884,2.003338898163606,200.33388981636057,2581.1018363939897
8.853725756998756,12.852,2.003338898163606,200.33388981636057,2574.691151919866
8.863806399998793,12.876,2.003338898163606,217.02838063439066,2794.457429048414
8.87389761599843,12.848,2.003338898163606,200.33388981636057,2573.889816360601
8.883977777999462,12.88,1.8363939899833053,200.33388981636057,2580.300500834724
8.894056753999394,12.848,2.003338898163606,200.33388981636057,2573.889816360601
8.90413756399903,12.88,2.003338898163606,217.02838063439066,2795.3255425709517
8.914220429000125,12.848,2.003338898163606,200.33388981636057,2573.889816360601
8.924299996999252,12.88,2.003338898163606,200.33388981636057,2580.300500834724
8.934379659000115,12.848,2.003338898163606,200.33388981636057,2573.889816360601
8.944459913000173,12.884,2.003338898163606,200.33388981636057,2581.1018363939897
8.954540647999238,12.852,2.003338898163606,200.33388981636057,2574.691151919866
8.96461729099974,12.88,2.003338898163606,200.33388981636057,2580.300500834724
8.974706303999483,12.852,2.003338898163606,200.33388981636057,2574.691151919866
8.98478805800005,12.872,2.003338898163606,200.33388981636057,2578.697829716193
8.994868293999389,12.852,2.003338898163606,200.33388981636057,2574.691151919866
9.004949232999934,12.876,2.1702838063439063,200.33388981636057,2579.4991652754584
9.015029987000162,12.852,2.003338898163606,200.33388981636057,2574.691151919866
9.025107092998951,12.88,2.003338898163606,200.33388981636057,2580.300500834724
9.035188457999539,12.852,2.003338898163606,217.02838063439066,2789.2487479131887
9.045269340998857,12.88,2.003338898163606,200.33388981636057,2580.300500834724
9.055349909998768,12.852,2.003338898163606,200.33388981636057,2574.691151919866
9.065430663998995,12.88,2.003338898163606,200.33388981636057,2580.300500834724
9.075520528998823,12.852,2.003338898163606,217.02838063439066,2789.2487479131887
9.085601449998649,12.876,2.003338898163606,183.63939899833053,2364.540901502504
9.095692943999893,12.848,2.003338898163606,200.33388981636057,2573.889816360601
9.105775827998514,12.876,2.003338898163606,200.33388981636057,2579.4991652754584
9.115855471000032,12.852,2.003338898163606,200.33388981636057,2574.691151919866
9.125937001999773,12.88,2.1702838063439063,200.33388981636057,2580.300500834724
9.136021626998627,12.852,2.003338898163606,200.33388981636057,2574.691151919866
9.14610528799858,12.884,2.1702838063439063,200.33388981636057,2581.1018363939897
9.156186708998575,12.852,2.003338898163606,200.33388981636057,2574.691151919866
9.166269739998825,12.88,2.003338898163606,200.33388981636057,2580.300500834724
9.17643317799957,12.852,2.003338898163606,200.33388981636057,2574.691151919866
9.18650745099876,12.876,2.003338898163606,200.33388981636057,2579.4991652754584
9.196583778999411,12.856,2.003338898163606,200.33388981636057,2575.4924874791313
9.206663217999449,12.872,2.003338898163606,200.33388981636057,2578.697829716193
9.216740434998428,12.852,2.003338898163606,200.33388981636057,2574.691151919866
9.226818836999882,12.876,2.003338898163606,200.33388981636057,2579.4991652754584
9.236895387999539,12.856,2.003338898163606,200.33388981636057,2575.4924874791313
9.246973437999259,12.88,2.003338898163606,200.33388981636057,2580.300500834724
9.257050321999486,12.852,2.003338898163606,200.33388981636057,2574.691151919866
9.267127112998423,12.88,2.003338898163606,200.33388981636057,2580.300500834724
9.27721103299882,12.848,2.003338898163606,200.33388981636057,2573.889816360601
9.28729249099888,12.884,2.003338898163606,200.33388981636057,2581.1018363939897
9.297373614999742,12.848,2.003338898163606,200.33388981636057,2573.889816360601
9.30745342499904,12.876,2.003338898163606,200.33388981636057,2579.4991652754584
9.317534159999923,12.852,2.003338898163606,200.33388981636057,2574.691151919866
9.327614451000045,12.876,2.003338898163606,200.33388981636057,2579.4991652754584
9.33769526099968,12.856,2.1702838063439063,200.33388981636057,2575.4924874791313
9.347770866999781,12.88,2.003338898163606,217.02838063439066,2795.3255425709517
9.35785404699891,12.852,2.003338898163606,200.33388981636057,2574.691151919866
9.367934874999264,12.884,2.003338898163606,200.33388981636057,2581.1018363939897
9.37801388799926,12.856,2.003338898163606,200.33388981636057,2575.4924874791313
9.388092696999593,12.876,2.003338898163606,200.33388981636057,2579.4991652754584
9.3981750619987,12.852,2.003338898163606,200.33388981636057,2574.691151919866
9.408255908998399,12.88,2.003338898163606,200.33388981636057,2580.300500834724
9.418338421999579,12.856,2.003338898163606,200.33388981636057,2575.4924874791313
9.42841837999913,12.876,2.003338898163606,200.33388981636057,2579.4991652754584
9.438499115000013,12.856,2.003338898163606,200.33388981636057,2575.4924874791313
9.448579942998549,12.88,2.003338898163606,200.33388981636057,2580.300500834724
9.458661179000046,12.856,2.003338898163606,217.02838063439066,2790.116861435726
9.468742080998709,12.88,2.003338898163606,200.33388981636057,2580.300500834724
9.478822334998767,12.852,2.003338898163606,217.02838063439066,2789.2487479131887
9.48890321899853,12.884,2.003338898163606,217.02838063439066,2796.193656093489
9.498984120999012,12.844,2.003338898163606,200.33388981636057,2573.088480801335
9.50906400399981,12.884,2.003338898163606,200.33388981636057,2581.1018363939897
9.519145017999108,12.852,2.003338898163606,200.33388981636057,2574.691151919866
9.529225752999992,12.876,2.003338898163606,200.33388981636057,2579.4991652754584
9.539307858998654,12.856,2.003338898163606,200.33388981636057,2575.4924874791313
9.549388667999665,12.88,2.003338898163606,200.33388981636057,2580.300500834724
9.559469440999237,12.852,2.003338898163606,200.33388981636057,2574.691151919866
9.569550323998556,12.88,2.003338898163606,200.33388981636057,2580.300500834724
9.579640522999398,12.852,2.003338898163606,200.33388981636057,2574.691151919866
9.589721794998695,12.88,2.1702838063439063,217.02838063439066,2795.3255425709517
9.599803420000171,12.852,2.003338898163606,200.33388981636057,2574.691151919866
9.609886321999511,12.88,2.003338898163606,200.33388981636057,2580.300500834724
9.619966889998977,12.856,2.1702838063439063,200.33388981636057,2575.4924874791313
9.630049384999438,12.88,2.003338898163606,200.33388981636057,2580.300500834724
9.640130194999074,12.852,2.003338898163606,200.33388981636057,2574.691151919866
9.65021246699871,12.876,2.003338898163606,183.63939899833053,2364.540901502504
9.660293313998409,12.856,2.003338898163606,200.33388981636057,2575.4924874791313
9.670375363999483,12.88,2.003338898163606,200.33388981636057,2580.300500834724
9.680478079999375,12.848,2.003338898163606,200.33388981636057,2573.889816360601
9.690558446000068,12.88,2.003338898163606,200.33388981636057,2580.300500834724
9.700634680999428,12.848,2.003338898163606,200.33388981636057,2573.889816360601
9.710715675999381,12.884,2.003338898163606,200.33388981636057,2581.1018363939897
9.720796392999546,12.848,2.003338898163606,217.02838063439066,2788.3806343906513
9.730877479998526,12.88,2.003338898163606,200.33388981636057,2580.300500834724
9.740958659998796,12.852,2.1702838063439063,200.33388981636057,2574.691151919866
9.751039450999087,12.876,2.1702838063439063,200.33388981636057,2579.4991652754584
9.76112033499885,12.856,2.003338898163606,200.33388981636057,2575.4924874791313
9.771201384999586,12.876,2.003338898163606,217.02838063439066,2794.457429048414
9.781292083000153,12.852,2.003338898163606,200.33388981636057,2574.691151919866
9.791373262998604,12.876,2.003338898163606,200.33388981636057,2579.4991652754584
9.801454275999276,12.852,2.003338898163606,200.33388981636057,2574.691151919866
9.81153478899978,12.876,2.003338898163606,200.33388981636057,2579.4991652754584
9.821614302998569,12.852,2.003338898163606,200.33388981636057,2574.691151919866
9.831695445998776,12.88,2.003338898163606,200.33388981636057,2580.300500834724
9.84177710699987,12.852,2.003338898163606,200.33388981636057,2574.691151919866
9.851856786999633,12.88,2.003338898163606,217.02838063439066,2795.3255425709517
9.86194046699893,12.856,1.8363939899833053,200.33388981636057,2575.4924874791313
9.872021183999095,12.876,2.003338898163606,200.33388981636057,2579.4991652754584
9.882102382000085,12.852,2.003338898163606,200.33388981636057,2574.691151919866
9.892182191999382,12.876,2.003338898163606,200.33388981636057,2579.4991652754584
9.902262871999483,12.848,2.003338898163606,200.33388981636057,2573.889816360601
9.912342513998738,12.88,2.1702838063439063,200.33388981636057,2580.300500834724
9.92242278699996,12.848,2.003338898163606,200.33388981636057,2573.889816360601
9.932503707999786,12.884,2.003338898163606,200.33388981636057,2581.1018363939897
9.94258466499923,12.848,2.003338898163606,200.33388981636057,2573.889816360601
9.952661548999458,12.884,2.003338898163606,200.33388981636057,2581.1018363939897
9.962742580999475,12.852,2.003338898163606,217.02838063439066,2789.2487479131887
9.972823093999978,12.876,2.003338898163606,200.33388981636057,2579.4991652754584
9.982903902999169,12.856,2.003338898163606,200.33388981636057,2575.4924874791313
9.992983045998699,12.872,2.003338898163606,200.33388981636057,2578.697829716193
